[
  {
    "question": "What is (are) harlequin ichthyosis ?",
    "gold_answer": "Harlequin ichthyosis is a severe genetic disorder that mainly affects the skin. Infants with this condition are born with very hard, thick skin covering most of their bodies. The skin forms large, diamond-shaped plates that are separated by deep cracks (fissures). These skin abnormalities affect the shape of the eyelids, nose, mouth, and ears, and limit movement of the arms and legs. Restricted movement of the chest can lead to breathing difficulties and respiratory failure.  The skin normally forms a protective barrier between the body and its surrounding environment. The skin abnormalities associated with harlequin ichthyosis disrupt this barrier, making it more difficult for affected infants to control water loss, regulate their body temperature, and fight infections. Infants with harlequin ichthyosis often experience an excessive loss of fluids (dehydration) and develop life-threatening infections in the first few weeks of life. It used to be very rare for affected infants to survive the newborn period. However, with intensive medical support and improved treatment, people with this disorder now have a better chance of living into childhood and adolescence.",
    "predicted_answer": "What are the signs and symptoms of Harlequin ichthyosis? The Human Phenotype Ontology provides the following list of signs and symptoms for Harlequin ichthyosis. If the information is available, the table below includes how often the symptom is seen in people with this condition. You can use the MedlinePlus Medical Dictionary to look up the definitions for these medical terms. Signs and Symptoms Approximate number of patients (when available) Abnormality of the eyelid 90% Depressed nasal ridge 90% Hearing abnormality 90% Hyperkeratosis 90% Recurrent respiratory infections 90% Abnormality of the mouth 50% Limitation of joint mobility 50% Cataract 7.5% Dehydration 7.5% Foot polydactyly 7.5% Hand polydactyly 7.5% Malignant hyperthermia 7.5% Respiratory insufficiency 7.5% Self-injurious behavior 7.5% Sudden cardiac death 7.5% Autosomal recessive inheritance - Congenital ichthyosiform erythroderma - Ectropion - Premature birth - Proptosis - Rigidity - Short finger - The Human Phenotype Ontology (HPO) has collected information on how often a sign or symptom occurs in a condition. Much of this information comes from Orphanet, a European rare disease database. The frequency of a sign or symptom is usually listed as a rough estimate of the percentage of patients who have that feature. The frequency may also be listed as a fraction. The first number of the fraction is how many people had the symptom, and the second number is the total number of people who were examined in one study. For example, a frequency of 25/25 means that in a study of 25 people all patients were found to have that symptom. Because these frequencies are based on a specific study, the fractions may be different if another group of patients are examined. Sometimes, no information on frequency is available. In these cases, the sign or symptom may be rare or common.",
    "top1_evidence": {
      "score": 1.0,
      "train_question": "What is (are) Harlequin ichthyosis ?",
      "train_answer": "Harlequin ichthyosis is a severe genetic disorder that mainly affects the skin. The newborn infant is covered with plates of thick skin that crack and split apart. The thick plates can pull at and distort facial features and can restrict breathing and eating. Mutations in the ABCA12 gene cause harlequin ichthyosis. This condition is inherited in an autosomal recessive pattern."
    }
  },
  {
    "question": "What is (are) Chilaiditi syndrome ?",
    "gold_answer": "Chilaiditi syndrome is a medical condition in which a portion of the colon is abnormally positioned between the liver and the diaphragm. Symptoms vary, but may include abdominal pain, nausea, vomiting, and small bowel obstruction. In many cases, there are no symptoms and the interposition is an incidental finding. When no symptoms are present, the clinical finding is called Chilaiditi's sign.. The underlying cause of Chilaiditi syndrome is unknown. Treatment is symptomatic and supportive.",
    "predicted_answer": "TEMPI syndrome is a newly discovered, multisystem condition named for 5 characteristics that affected individuals have: Telangiectasias, Erythrocytosis with elevated erythropoietin level, Monoclonal gammopathy, Perinephric-fluid collections (fluid around the kidney), and Intrapulmonary shunting (when a region of the lungs is supplied with blood but with little or no ventilation). Signs and symptoms of TEMPI syndrome have appeared in mid-adulthood in all known affected individuals. The telangiectasias develop mostly on the face, trunk and arms. The intrapulmonary shunt causes hypoxia (not enough oxygen supply), which slowly progresses until the person needs continuous supplemental oxygen to support their breathing. Blood clots and bleeding in the brain have also been reported in some affected individuals. The cause of TEMPI syndrome is currently unknown. Treatment has reportedly been completely or partially successful with the medication bortezomib.",
    "top1_evidence": {
      "score": 1.0,
      "train_question": "What is (are) Ambras syndrome ?",
      "train_answer": "Ambras syndrome is a very rare type of hypertrichosis lanuginosa congenita, a congenital skin disease characterized by excessive hair growth on the entire body, with the exception of the palms, soles, and mucous membranes. Individuals with Ambras syndrome have excessive growth of vellus (soft, fine and short) hair, especially on the face, ears, and shoulders. Facial and dental abnormalities may also be present. Ambras syndrome has been mapped to the short (q) arm of chromosome 8. It appears to follow an autosomal dominant pattern of inheritance."
    }
  },
  {
    "question": "What is (are) vitelliform macular dystrophy ?",
    "gold_answer": "Vitelliform macular dystrophy is a genetic eye disorder that can cause progressive vision loss. This disorder affects the retina, the specialized light-sensitive tissue that lines the back of the eye. Specifically, vitelliform macular dystrophy disrupts cells in a small area near the center of the retina called the macula. The macula is responsible for sharp central vision, which is needed for detailed tasks such as reading, driving, and recognizing faces.  Vitelliform macular dystrophy causes a fatty yellow pigment (lipofuscin) to build up in cells underlying the macula. Over time, the abnormal accumulation of this substance can damage cells that are critical for clear central vision. As a result, people with this disorder often lose their central vision, and their eyesight may become blurry or distorted. Vitelliform macular dystrophy typically does not affect side (peripheral) vision or the ability to see at night.  Researchers have described two forms of vitelliform macular dystrophy with similar features. The early-onset form (known as Best disease) usually appears in childhood; the onset of symptoms and the severity of vision loss vary widely. The adult-onset form begins later, usually in mid-adulthood, and tends to cause vision loss that worsens slowly over time. The two forms of vitelliform macular dystrophy each have characteristic changes in the macula that can be detected during an eye examination.",
    "predicted_answer": "Mutations in the BEST1 and PRPH2 genes cause vitelliform macular dystrophy. BEST1 mutations are responsible for Best disease and for some cases of the adult-onset form of vitelliform macular dystrophy. Changes in the PRPH2 gene can also cause the adult-onset form of vitelliform macular dystrophy; however, less than a quarter of all people with this form of the condition have mutations in the BEST1 or PRPH2 gene. In most cases, the cause of the adult-onset form is unknown.  The BEST1 gene provides instructions for making a protein called bestrophin. This protein acts as a channel that controls the movement of charged chlorine atoms (chloride ions) into or out of cells in the retina. Mutations in the BEST1 gene probably lead to the production of an abnormally shaped channel that cannot properly regulate the flow of chloride. Researchers have not determined how these malfunctioning channels are related to the buildup of lipofuscin in the macula and progressive vision loss.  The PRPH2 gene provides instructions for making a protein called peripherin 2. This protein is essential for the normal function of light-sensing (photoreceptor) cells in the retina. Mutations in the PRPH2 gene cause vision loss by disrupting structures in these cells that contain light-sensing pigments. It is unclear why PRPH2 mutations affect only central vision in people with adult-onset vitelliform macular dystrophy.",
    "top1_evidence": {
      "score": 0.8998654032750899,
      "train_question": "What are the treatments for vitelliform macular dystrophy ?",
      "train_answer": "These resources address the diagnosis or management of vitelliform macular dystrophy:  - Gene Review: Gene Review: Best Vitelliform Macular Dystrophy  - Genetic Testing Registry: Macular dystrophy, vitelliform, adult-onset  - Genetic Testing Registry: Vitelliform dystrophy  - MedlinePlus Encyclopedia: Macula (image)   These resources from MedlinePlus offer information about the diagnosis and management of various health conditions:  - Diagnostic Tests  - Drug Therapy  - Surgery and Rehabilitation  - Genetic Counseling   - Palliative Care"
    }
  }
]